ContentId,Title,FK_StatusId,Deal Type,Description,Location,Points,Categories
113815,Off from Al Rifai,2,Voucher,Get a 15 KD discount voucher for your next online order from Al Rifai. To Enjoy walnuts and dry nuts.,"https://www.google.com/maps/search/al+rifai+kuwait/@29.3209043,48.0616858,14z/data=!3m1!4b1",15000,F&B
113816,Off from Dip n dip,2,Voucher,"Get 10 KD off on your next order from Dip n dip enjoy crepe waffles , ice cream",,10000,F&B
113817,Order from Dip n Dip and get  discount,1,Discount,"Order from Dip n Dip and get 5KD discount enjoy crepe waffles , ice cream and manymore desserts","https://www.google.com/maps/search/dipndip/@29.3437081,47.9930101,12z/data=!3m1!4b1?entry=ttu",5000,F&B
113818,Get  discount from Ellena Bakery,2,Discount,"Get 3KD discount from Ellena Bakery . Ellena bakery is  a bakery that offers variety of baked products with a diverse selection of breads , pattisserie",https://maps.app.goo.gl/bnZXdfUbbaGFjFiJA,3000,F&B
113819,Off from Talabat,1,Voucher,"Get 3KD discount from Talabat. Talabat is an online delivery app , you can order with it goods , food from the best convenient stores and restaurants ",https://goo.gl/maps/5uoJEdD95W1YSpDt9,3000,F&B
113820,Off from Mikaniki,2,Voucher,"Get 2 KD Mikaniki is a car service company that hande all your car services begining from repairing your car , to changing your car battery. off on flat tier repairing, battery charging, computer checkup, AC gas filling, AC gas filling with laser, and tier rotation from Mikaniki. Offer valid through calling customer service or WhatsApp direct message at:&nbsp;55554497",https://www.instagram.com/mikaniki.kw/,500,Automotive
113821,10% Off on Motor Insurance from KFH Takaful,2,Discount,"If you have a motor and need an insurance for it .Enjoy 10% off  on your motor comprehensive insurance from KFH Takaful by visiting our head office. For more inquiries, please call 96089084",https://maps.app.goo.gl/iTLwkPKNmNcFi5ia8,1000,Automotive
113822,Up to  off on International Flights from Rehlat,2,Voucher,Get up to 10 KD off on International Flight from Rehlat. Valid on online bookings only -- copy the voucher code -- paste it at the checkout after adding your order to your cart.&nbsp;Flat discount applicable as per slabs below: Slab Flat Discount 30 KWD t,"https://www.google.com/maps/place/Rehlat+Travel+Agency+-+Kuwait/@29.3296865,48.0265201,17z/data=!3m1!4b1!4m5!3m4!1s0x3fcf9d81d52b9f03:0x8b7f23986664f408!8m2!3d29.3296865!4d48.0287088?shorturl=1",500,Travel
113823,Book your trip on Waves App and get  discount,2,Discount,Book your travels and  trips  on Waves App and get 10KD discount and enjoy beautiful moments and trips and vacations with your family and friends,https://www.instagram.com/waves.app/,1000,Travel
113824,Off from Aafaq Bookstore,2,Voucher,"Get 3KD discount from Aafaq Bookstore . Afaq bookstore is a book store that contains office tools , books , printers , and also the store provide various office related services like priniting , scaning documents .","https://www.google.com/maps/search/aafaq+bookstore/@29.3780201,47.9100357,12z/data=!3m1!4b1",3000,Entertainment
113825,Off and Free Shipping from Tamanna,2,Voucher,"Get 5 KD off and free shipping on your next order from Tamanna. Tamanna is a shipping platform , Tamanna will ship any item from you from any country in the world Valid on a minimum order value of 25 KD -- copy the voucher code -- paste it at the checkout after adding your items to your cart.",https://goo.gl/maps/oCcUD9B3BVr6Xi8m6,1000,Travel
113826,15% off from °CRYO Therapy Center,2,Discount,Get 15% off on any treatment session at °CRYO Stay Young cryotherapy center. -- Redeem this offer -- Go to one of °CRYO center's locations -- Show the voucher code to the reception -- Enjoy the discount!,https://www.cryo.com/kw/locations/,1500,Health & Beauty
113827,50% off from °CRYO Therapy Center,2,Discount,Get 50% off on your first treatment session at °CRYO Stay Young cryotherapy center. -- Redeem this offer -- Go to one of °CRYO center's locations -- Show the voucher code to the reception -- Enjoy the discount!,https://www.cryo.com/kw/locations/,2000,Health & Beauty
113828,20% Off from Aura Athleisure,2,Discount,Get 20% off on your next order from Aura Athleisure. -- copy the voucher code -- paste it at the checkout after adding your order to your cart.,https://www.instagram.com/auraathleisure/,500,Retail
113829,Get 15% discount from Ghaseel,1,Discount,Get 15% discount from Ghaseel wash your car and clean your car and get car services,https://www.instagram.com/ghaseel/,50,Automotive
113830,Get 30% discount from Pasticceria Di Pietro,1,Discount,Get 30% discount from Pasticceria Di Pietro,https://maps.app.goo.gl/QTcxJUtdd94ALQxA6,500,F&B
113831,Off from Al Rifai,2,Voucher,Get a 10 KD discount voucher for your next online order from Al Rifai. Valid on&nbsp;online orders only&nbsp;at Al Rifai App.- Copy the voucher code from TAM. To Enjoy walnuts and dry nuts.,"https://www.google.com/maps/search/al+rifai+kuwait/@29.3209043,48.0616858,14z/data=!3m1!4b1",10000,F&B
113832,Get  discount on renting padel play ground from The Padel Club,2,Discount,Get 10KD discount on renting padel play ground from The Padel Club,https://maps.app.goo.gl/g5zemgmdMkKzjf5e9,10000,Entertainment
113833,Recharge your Just Clean wallet with,1,Wallet Recharge,Recharge your Just Clean wallet with 10KD,https://g.page/justcleankw?share,10000,Retail
113834,Get  discount on your order from Cofe App,1,Discount,Get 5KD discount on your order from Cofe App,https://www.instagram.com/getcofe/?hl=en,5000,F&B
113835,Get 3 free entries from Mawqif App (For new customers),2,Voucher,Get 3 free entries from Mawqif App (For new customers),https://www.instagram.com/mawqiftech/,50,Travel
113836,Off from Cinescape,2,Voucher,Get a 5 KD discount on food and beverage orders from Cinescape for your next visit,"https://www.google.com/maps/search/cinescape/@29.3765063,47.9548421,13z/data=!3m1!4b1",5000,Entertainment
113837,Off from Cavaraty,1,Voucher,Get 10KD discount from Cavaraty,https://reach.link/cavaraty/,10000,Electronics
113838,10% Off from One Use,2,Discount,Get 10% off on all orders from One Use. Valid on online orders only&nbsp; -- copy the voucher code -- paste it at the checkout after adding your ticket to your cart.,https://goo.gl/maps/o6uQebnsW3LABM1Q7,500,On-demand
113839,Get  discount from ZO Eatery,2,Discount,Get 10KD discount from ZO Eatery,https://maps.app.goo.gl/zYhDiRReVaHsz8iV8,10000,F&B
113840,Get  discount from ZO Bakery,2,Discount,Get 5KD discount from ZO Bakery,https://maps.app.goo.gl/zYhDiRReVaHsz8iV8,5000,F&B
113841,Off from Below Zero,2,Voucher,Get a 3 KD discount voucher on your entry ticket from Below Zero. Valid on online orders only&nbsp; -- copy the voucher code -- paste it at the checkout after adding your ticket to your cart.,https://bit.ly/3BegjCP,3000,Entertainment
113842,Get 10USD gift card from Xbox,2,Gift Card,Get 10USD gift card from Xbox,,3500,Entertainment
113843,Get 10USD gift card from PlayStation,2,Gift Card,Get 10USD gift card from PlayStation,,3500,Entertainment
113844,Get 5USD gift card from PlayStation,2,Gift Card,Get 5USD gift card from PlayStation,https://www.instagram.com/playstation/,2000,Entertainment
113845,$15 Xbox Gift Card,2,Gift Card,Get a $15 Xbox Card to be used for your next purchases.,,5500,Entertainment
113846,Off from Tatayab,2,Voucher,Get a 20 KD voucher for your next online order from Tatayab. Valid on online orders only&nbsp; -- copy the voucher code -- paste it at the checkout after adding your items to your cart.,https://www.instagram.com/tatayab/?hl=en,20000,Retail
113847,Get  discount from Tatayab,2,Discount,Get 10KD discount from Tatayab,https://maps.app.goo.gl/t8gnPDv2Kdg2mFiCA,10000,Retail
113848,10% Off from Atyab,2,Discount,Get 10% off on your next order from Atyab App -- copy the voucher code -- paste it at the checkout after adding your items to your cart.,onelink.to/atyab,500,Retail
113849,Off from Telefonati,2,Voucher,Get a 5 KD voucher for your next online order from Telefonati -- copy the voucher code -- paste it at the checkout after adding your items to your cart.,"https://www.google.com/maps/place/%D8%B4%D8%B1%D9%83%D8%A9+%D8%AA%D9%84%D9%8A%D9%81%D9%88%D9%86%D8%A7%D8%AA%D9%8A+Telefonati+Company%E2%80%AD/@29.3345108,48.0603332,17z/data=!3m1!4b1!4m5!3m4!1s0x3fcf9da198fcde99:0x2d95800aac65b6ee!8m2!3d29.3345108!4d48.06",5000,Electronics
113850,Off from Telefonati,2,Voucher,Get a 10 KD voucher for your next online order from Telefonati -- copy the voucher code -- paste it at the checkout after adding your items to your cart.,"https://www.google.com/maps/place/%D8%B4%D8%B1%D9%83%D8%A9+%D8%AA%D9%84%D9%8A%D9%81%D9%88%D9%86%D8%A7%D8%AA%D9%8A+Telefonati+Company%E2%80%AD/@29.3345108,48.0603332,17z/data=!3m1!4b1!4m5!3m4!1s0x3fcf9da198fcde99:0x2d95800aac65b6ee!8m2!3d29.3345108!4d48.06",10000,Electronics
113851,3-Months DeliverooPlus Subscription,1,Subscription,Get 3-months Deliveroo Plus subscription,https://www.instagram.com/deliveroo_kw/,10,F&B
113852,Off from H&S Store,2,Voucher,Get a 20 KD discount on your next order from HS Store applicable for online orders only -- copy the voucher code -- paste it at the checkout after adding your items to your cart on HS Store mobile app or website,https://www.hsstore.com/showrooms,20000,On-demand
113853,Get  discount from H&S Store,1,Discount,Get 10KD discount from HS,"https://www.google.com/maps/search/H%26S/@29.373911,47.984725,17z?entry=ttu",10000,Retail
113854,15% Off from Teeela,2,Discount,Get 15% off on everything from Teeela,https://www.instagram.com/teeela/,500,Entertainment
113855,off from Flowers & Beyond,2,Voucher,Get a 10 KD voucher for your next order from Flowers &amp; Beyond (online orders only)- Go To&nbsp;https://flowersandbeyondkw.com/- Choose the product and add it to the cart- On the check out choose the payment method and apply the discount code that you ,https://g.page/flower-and-beyond?share,10000,Retail
113856,Get  discount from Flowers and Beyond,2,Discount,Get 5KD discount from Flowers and Beyond,https://maps.app.goo.gl/CBL2uzR8rdt7pKen8,5000,Retail
113857,Up to 45% Off from Cambly,2,Discount,Get 45% off 12-month plans and&nbsp;33% off 3-month plans on your next English course subscription from Cambly,https://www.instagram.com/cambly_ar/,1500,On-demand
113858,10% Off from Vinco,2,Discount,Get 10% off on your next purchase from VINCO and enter the draws for a chance to win valuable prizes,https://www.instagram.com/letsvinco/,500,On-demand
113859,15% Off from Game Over Toys,2,Discount,Get 15% off on your next order with a minimum value of 15 KD from https://www.gameovertoys.com,https://www.instagram.com/gameovertoysfunko/,500,Entertainment
113860,Off from Samsung,2,Voucher,Get a 30 KD voucher for your next order from Samsung (online orders only)- Go To&nbsp;Andalus.com.kw- Choose the product and add it to the cart- On the check out choose the payment method and apply the discount code that you receive from TAM app/website.,https://andalus.com.kw/en/stores.html/,30000,Electronics
113861,Off from Samsung,2,Voucher,Get a 20 KD voucher for your next order from Samsung (online orders only)- Go To&nbsp;Andalus.com.kw- Choose the product and add it to the cart- On the check out choose the payment method and apply the discount code that you receive from baitak reward app,https://andalus.com.kw/en/stores.html/,20000,Electronics
113862,Get  discount from Samsung,1,Discount,Get 50KD discount from Samsung,"https://www.google.com/maps/search/andlus+retail/@29.2931018,47.9264477,14z/data=!3m1!4b1?entry=ttu",50000,Electronics
113863,Off from Talabat,2,Voucher,Get 10KD discount from Talabat.,https://goo.gl/maps/5uoJEdD95W1YSpDt9,10000,F&B
113864,Off from Talabat,1,Voucher,Get 5KD discount from Talabat,https://goo.gl/maps/5uoJEdD95W1YSpDt9,5000,F&B
113865,15% Off from The Healthy Home,2,Discount,"Get 15% off on Mattresses, Soft Furnishings Cleaning and Sanitization, Air and Surface Sanitization, and Safe Pest Control. Show the E-Voucher code in Baitak Rewards App to the cashier during payment.",https://thehealthyhome.me/kuwait/contact-us,1000,On-demand
113866,10% Off from The Healthy Home,2,Discount,"Get 10% off on Duct Cleaning and Sanitization, Water Tank Cleaning and Pipeline Disinfection from The Healthy Home.&nbsp;Show the E-Voucher code in Baitak Rewards App to the cashier during payment.",https://thehealthyhome.me/kuwait/contact-us,500,On-demand
113867,off from BeWear,2,Voucher,"Get 2 KD off on everything from BeWear, the trendiest and ethically produced sports related products from all over the world.&nbsp;",https://www.instagram.com/bewearkw/,1000,On-demand
113868,15% off from BeWear,2,Discount,"Get 15% off on selected items from BeWear, the trendiest and ethically produced sports related products from all over the world.&nbsp;",https://www.instagram.com/bewearkw/,500,Retail
113869,15% off on Stacks,2,Discount,Get 15% off from Stacks on your next order with a minimum value of 5 KD,,500,F&B
113870,25% Off from Paintball,2,Discount,Get 25% Off on your regular entry ticket fee,https://goo.gl/maps/qJLTbVogmni2FPi89,1000,Entertainment
113871,Off from Best Al-Yousifi,2,Voucher,Get 20 KD off on your next purchase from Best Al-Yousifi Electronics In-store only,"https://www.google.com/maps/search/best+al+yousifi/@29.3018141,48.0091464,12z/data=!3m1!4b1",20000,Electronics
113872,Get  discount from Best Al-Yousifi,1,Voucher,Get 10KD discount from Best Al-Yousifi,"https://www.google.com/maps/search/best+alyousifi/@29.3722765,47.7861503,11z/data=!3m1!4b1?entry=ttu",10000,Electronics
113873,Off from Honey Spoon,2,Voucher,Get a 10 KD discount on your next order from Honey Spoon,https://goo.gl/maps/dpaZr3JNU93HutmR9,10000,F&B
113874,Off from Honey Spoon,2,Voucher,Get a 5 KD discount on your next order from Honey Spoon,https://goo.gl/maps/dpaZr3JNU93HutmR9,5000,F&B
113875,Recharge your Pass App wallet with,2,Wallet Recharge,Recharge your Pass App wallet with 5KD,https://maps.app.goo.gl/yFr6NQmHGvxQ6a2EA,5000,Travel
113876,Recharge your Pass App wallet with,1,Wallet Recharge,Recharge your Pass App wallet with 3KD,https://apps.apple.com/us/app/id1435687530,3000,On-demand
113877,25% off from Nishan clinic,2,Discount,Rejuvenate with 25% off on all services from Nishan clinic. Discount does not apply on cosmetic dentistry treatments.&nbsp;,"https://www.google.com/maps/place/Nishan+Medical+Clinic/@29.3293246,48.0528742,17z/data=!3m1!4b1!4m5!3m4!1s0x3fcf9dbbfd7a3707:0x1a84b8b003a5e24!8m2!3d29.3293199!4d48.0550629",1000,On-demand
113878,20% Off from Fifty Gym,2,Discount,Get 20% off on your 1 Year membership from Fifty Gym,https://goo.gl/maps/q3JRxsRLd7h9RZVe6,1500,Health & Beauty
113879,10% Off from Fifty Gym,2,Discount,Get 10% off on your 6 months membership from Fifty Gym,https://goo.gl/maps/q3JRxsRLd7h9RZVe6,1000,Health & Beauty
113880,10% Off from Fifty Gym,2,Discount,Get 10% off on your 3 months membership from Fifty Gym,https://goo.gl/maps/q3JRxsRLd7h9RZVe6,1000,Health & Beauty
113881,10% Off from Fifty Gym,2,Discount,Get 10% off on your 1 month membership from Fifty Gym,https://goo.gl/maps/q3JRxsRLd7h9RZVe6,1000,Health & Beauty
113882,Get  discount from V-Thru,1,Discount,Get 3KD discount from V-Thru,https://www.instagram.com/vthru/,3000,F&B
113883,Get  discount from V-Thru,2,Discount,Get 1KD discount from V-Thru,https://maps.app.goo.gl/qGDMPAmGZaMU3YvX6,1000,On-demand
113884,Deliveroo Wallet recharge,2,Wallet Recharge,Recharge your Deliveroo wallet with 25KD,https://www.instagram.com/deliveroo_kw/,25000,On-demand
113885,Get  discount on your order from Caffeine Cafe,1,Discount,Get 5KD discount on your order from Caffeine Cafe,https://maps.app.goo.gl/AJ3ajc6wGTbDcbiv7,5000,F&B
113886,Get 20% from Kromozone,2,Discount,Get 20% on all services and products from Kromozone:Suntek Paint Protection Film·&nbsp;&nbsp;&nbsp;Suntek Window Film·&nbsp;&nbsp;&nbsp;Kromozone Window Film·&nbsp;&nbsp;&nbsp;Kromozone Paint Protection Film·&nbsp;&nbsp;&nbsp;Go Rhino Car Ac,https://goo.gl/maps/Tafu81EJidS7C3SE9,1000,Automotive
113887,Extra for your Rove Wallet recharges above,2,Voucher,Relax and Enjoy Your Ride with the most Professional Drivers Driving you to your Favorite Destination Across Kuwait 24/7Download the Rove App Today and Recharge your Wallet to get an Extra 10 KD with your Baitak Points!Deal code is valid on wallet recharg,https://apps.apple.com/kw/app/riderove/id1456118203,1500,Entertainment
113888,20% off on Bleach Cleaning Services,2,Discount,"20% off on the detailed cleaning, furniture cleaning, carpet cleaning, and sterilization service from Bleach Cleaning Services",http://bleach-kw.com/,500,On-demand
113889,voucher from Meras Club,2,Voucher,5 KD voucher on every purchase of sportwear from meras,https://www.instagram.com/meras.club/,1000,Retail
113890,Get Flat  off from FK Autoparts,2,Voucher,Flat 3 KD off on the best quality car autoparts get all your car autoparts from car tires to car wheel motors,https://goo.gl/maps/JNFBSHGq5nSxJxmR8,1000,Automotive
113891,Off from YallaQ8,2,Discount,3 KD Off on Your Order from YallaQ8,https://www.instagram.com/yalla_q8/?hl=en,1000,Retail
113892,15% discount from Pharmatee!,2,Discount,Benefit from 15% off when ordering from Pharmatee!,"https://www.google.com/maps/place/Pharmatee+%7C+We+Supply+Life/@29.340149,48.0689398,17z/data=!3m1!4b1!4m5!3m4!1s0x3fcf84c0b41bc26f:0x64d29a17b6c9c47b!8m2!3d29.3401443!4d48.0711285",500,Health & Beauty
113893,20% off from Kalyan Jewellers,2,Discount,Get 20% off on Making charges of Gold Jewellery and 20% off on Diamond Jewellery,"https://www.google.com/maps/search/kalyan+jewellers+kuwait/@29.2274771,47.8974661,11z/data=!3m1!4b1",1000,Retail
113894,20% off from Mode Outfits,2,Discount,Get 20% off on your total receipt from Mode Outfits,"Sharq, Ahmad Al Jaber Street, B8 Tower, Ground Floor, Unit 10",1000,Retail
113895,Buy 2 Get 1 FREE from Fresh Press,2,Discount,Get Healthy with Fresh Press and Buy 2 Juices Get 1 FREE,https://g.page/Freshpresskw?share,500,F&B
113896,Off from Fairyhub,2,Voucher,Get 5 KD off on your total cart value except e-cards. Valid on online orders only -- copy the voucher code -- paste it at the checkout after adding your order to your cart.,,1500,Entertainment
113897,Buy 2 get 1 FREE from Sikasok,2,Discount,Buy any two pairs of Sikasok and get the third one for FREE from Sikasok,"https://www.google.com/maps/place/EZ+Store/@28.5996988,46.1681748,7.44z/data=!4m5!3m4!1s0x3fcf9dfe5d181ecf:0x73e2067de97ca0be!8m2!3d29.346769!4d48.0117167?shorturl=1",500,Retail
113898,20% Discount from Balloons and More,2,Discount,Get 20% Discount on your orders from Balloons and More,"https://www.google.com/maps/place/Lyka+Creations/@29.3472148,48.0164635,18z/data=!3m1!4b1!4m5!3m4!1s0x3fcf9c9596fa9d3f:0xccf9b5907a3531c8!8m2!3d29.3472125!4d48.0175578",500,Entertainment
113899,Get a  voucher from Mr. Fix,2,Voucher,Bring life back to your gadgets and take a KD 5 voucher on any electronics repair.,"https://www.google.com/maps/place/Mr.+Fix/@29.2642436,47.9632567,17z/data=!3m1!4b1!4m5!3m4!1s0x3fcf99f69df89d03:0x91ed554e94e26e37!8m2!3d29.2642389!4d47.9654454",1000,On-demand
113900,off from Breezyn,2,Voucher,"Because gold is never out of style, enjoy 5KD off on your next order from Breezyn website with a minimum value of 100KD",https://www.instagram.com/breezynshop,1000,Retail
113901,Get  off from FK JEWELLERS,2,Voucher,"Get a 3 KD voucher redeemable at www.fkjewellers.com, to shop the most exclusive and affordable Diamond, Gold and Silver Jewelry online.﻿",https://goo.gl/maps/AcA73wQreKGb6hh97,1000,Retail
113902,15% Discount from Dive36,2,Discount,Enjoy underwater sea adventures with 15% Discount on Scuba Diving trips and equipment from Dive36 in store only.,https://www.instagram.com/dive36/,500,Entertainment
113903,15% on all Acqua Panna orders,2,Discount,Get 15% discount on your Aqua Panna 24 x 500 ML&nbsp;water boxes orders,https://goo.gl/maps/MQYx4c8qvhzr6gbr9,500,F&B
113904,15% on all San Pellegrino products,2,Discount,Get 15% off on S.Pellegrino sparkling water orders&nbsp;,https://goo.gl/maps/MQYx4c8qvhzr6gbr9,500,F&B
113905,10% on all Sohat products,2,Discount,Get 10% off on Sohat water orders,https://goo.gl/maps/MQYx4c8qvhzr6gbr9,500,F&B
113906,15% off on Timeviewer,2,Discount,Pick any Online Consultation (medical or other) with any of our certified experts on Timeviewer and Get 15% discount,https://www.instagram.com/timeviewer.tv/,1000,On-demand
113907,10% on all LAVAZZA orders,2,Discount,Get 10% on all LAVAZZA Coffee products,https://goo.gl/maps/MQYx4c8qvhzr6gbr9,500,F&B
113908,15% on all Perrier products,2,Discount,Get 15% off on all Perrier Products,https://goo.gl/maps/MQYx4c8qvhzr6gbr9,500,F&B
113909,off at WIBI - WantITBuyIT,2,Voucher,"Get a 3 KD Voucher at WIBI on your online IT electronics purchase. Shop from a wide range of Gadgets like Laptops, Mobile phones, printers, Mobile Accessories, Smart watches and Much more",https://g.page/WantITbuyITKuwait?share,500,Electronics
113910,Careem Wallet recharge,2,Wallet Recharge,Get 10KD to recharge your Careem Wallet for your next rides,https://www.instagram.com/careemkwt/,10000,Travel
113911,Careem Wallet recharge,1,Wallet Recharge,Get 5KD to recharge your Careem Wallet for your next rides,https://www.instagram.com/careemkwt/,5000,Travel
113912,Careem Wallet recharge,2,Wallet Recharge,Get 2KD to recharge your Careem Wallet for your next rides,https://www.instagram.com/careemkwt/,2000,Travel
113913,Careem Wallet recharge,2,Wallet Recharge,Get 1KD to recharge your Careem Wallet for your next rides,https://www.instagram.com/careemkwt/,1000,Travel
113914,15% Off from Srvme,2,Discount,Get 15% off on all services from Srvme. -- copy the voucher code -- paste it at the checkout after adding your order to your cart.,https://www.instagram.com/srvme.kuwait/?hl=en,1000,On-demand
113915,Recharge your Deliveroo wallet with,1,Wallet Recharge,Recharge your Deliveroo wallet with 3KD,https://www.instagram.com/deliveroo_kw/,3000,On-demand
113916,Recharge your Deliveroo wallet with,1,Wallet Recharge,Recharge your Deliveroo wallet with 5KD,https://www.instagram.com/deliveroo_kw/,5000,F&B
113917,10% off from Motery App,2,Discount,Download Motery app and get 10% off on all services!Car Wash Partners: Car Spa -Shore -4Points -Scrub -Auto Wash -Sun-Gard Express -Dolphin -Detailer -Top Auto Wash -Car Care -Foota -Diamond Shine -Abraj GT -Dalel Sayartek -Quick Shine -Cover Flags -MDwas,https://www.instagram.com/moterykwt/,1000,Automotive
113918,discount on Golden Scent,2,Voucher,"Enjoy a flat 5 KD discount on over 10,000 International, Arabic &amp; Niche perfumes from Golden Scent website or mobile application",https://apps.apple.com/app/id1326224436?mt=8,1000,Health & Beauty
113919,off on MyHome App,2,Voucher,"Get a 5 KD off on your order value from MyHome; the application for home services, maintenance, products, and repairs",https://myhome.app/kw/en/home,5000,On-demand
113920,off on MyHome App,2,Voucher,"Get a 10 KD off on your order value from MyHome; the application for home services, maintenance, products, and repairs",https://myhome.app/kw/en/home,10000,On-demand
113921,25% Discount from Sallah,2,Discount,"Redeem your Baitak Points for 25% Discount on your favorite brands: Quaker, Santiveri, FG Sriracha, San Carlo Chips, Freakin Healthy, Melly’s, Dreem, Limonino, Kalas and many more, purchased from www.Sallahkw.com and delivered to your door step!",https://www.instagram.com/sallah.kw/,1000,F&B
113922,15% Discount from Easy Dental,2,Discount,Get 15% off on all services from Easy Dental at any location,https://goo.gl/maps/MdCUKyMfG31pyF5dA,1500,Health & Beauty
113923,25% off from Alkhalid clinic,2,Discount,Discover a younger you with a 25% Discount code from Alkhalid clinic,"https://www.google.com/maps/place/Al+Khaled+Clinic/@29.3363723,48.0502924,17z/data=!4m8!1m2!2m1!1svirginia+clinics+complex+salmiya!3m4!1s0x0:0xd2429f5eda9bd01!8m2!3d29.3332893!4d48.0513366",1000,Health & Beauty
113946,Get  discount from Mommy & Me,1,Discount,Get 5KD discount from Mommy and Me,https://maps.app.goo.gl/gg59sLLC8W7PrcdG9,5000,Health & Beauty
113964,Off from AlFuhood App & website,1,Voucher,Get 10KD discount from AlFuhood,https://maps.app.goo.gl/jgt5UNZ3Xg6uRUkHA ,10000,Electronics
113967,Get  discount on fast food orders from BBQ Burger,2,Voucher,Get 3KD discount on fast food orders from BBQ Burger,https://maps.app.goo.gl/5eKXBAWmB8QrpdfM6?g_st=ic,3000,F&B
113968,Off Catering burger & catering from BBQ Burger store & website,2,Voucher,Get a 10 KD off for your next&nbsp;catering burger&nbsp;&amp;&nbsp;catering order&nbsp;from BBQ Burger. Valid for&nbsp;store and&nbsp;online orders&nbsp;at BBQ Burger.- Copy the code from TAM.- Go to the BBQ Burge,https://maps.app.goo.gl/5eKXBAWmB8QrpdfM6?g_st=ic,10000,F&B
113970,Get  discount from Shawarma Elestez,2,Discount,Get 3KD discount from Shawarma Elestez,https://maps.app.goo.gl/LoUiSwjBfoFSScvk7,3000,F&B
113971,Off Burger Box or Mashawi orders from BBQ Burger store & website,4,Voucher,Get a 5 KD off for your next&nbsp;burger box&nbsp;or&nbsp;Mashawi&nbsp;order from BBQ Burger. Valid for&nbsp;store and&nbsp;online orders&nbsp;at BBQ Burger.- Copy the code from Baitak Rewards.- Go to the BBQ Burg,https://maps.app.goo.gl/kEkcVio6kes4gsSC7?g_st=ic,5000,F&B
113972,Off from Al Rifai,4,Voucher,Get a 15 KD discount voucher for your next online order from Al Rifai. Valid on&nbsp;online orders only&nbsp;at Al Rifai App.- Copy the voucher code from TAM.,"https://www.google.com/maps/search/al+rifai+kuwait/@29.3209043,48.0616858,14z/data=!3m1!4b1",15000,F&B
113973,off on Shrimp Mumawash box,2,Voucher,Get a 9 KD discount on Shrimp Mumawash box from The Ranch store and website. Valid for&nbsp;store and&nbsp;online orders&nbsp;at The Ranch Boutique.- Copy the code from TAM.- Go to The Ranch Boutique store or website:&nbsp;&nbs,https://maps.app.goo.gl/cbvfnQg8cArwmWYJ9?g_st,9000,F&B
113974,Get  discount from Camouflage,2,Voucher,Get 10KD discount from Camouflage,https://maps.app.goo.gl/erhFSyJTUdLRk6Yd7,10000,Retail
113975,Off from Camouflage store,2,Voucher,"Get a 15 KD promo code for your next Camouflage order. Valid for&nbsp;store orders&nbsp;only&nbsp;at Camouflage.- Copy the code from TAM.- Go to the Camouflage store- At the checkout, show the code to the cashier ",https://maps.app.goo.gl/wgzU9e3Eaf6umzaT8?g_st=ic ,15000,Retail
113976,20% off from Kalyan Jewellers,2,Discount,Get 20% off on Making charges of Gold Jewellery and 20% off on Diamond Jewellery,"https://www.google.com/maps/search/kalyan+jewellers+kuwait/@29.2274771,47.8974661,11z/data=!3m1!4b1",1000,Retail
113978,off for purchases of  or above from Dalia’s Diamonds,2,Voucher,Get 50 KD discount for purchases equal or above 500 KD at Dalia’s Diamonds jewelry store.- Get the code from TAM.- Go to the Dalia’s Diamonds jewelry store.- At the checkout at the cashier show your code and get the discount.,https://goo.gl/maps/AfGPuts2EM1Rp11r5,50000,Retail
113979,off for purchases below  from Dalia’s Diamonds,2,Voucher,Get 20 KD discount for purchases below 500 KD at Dalia’s Diamonds jewelry store.- Get the code from TAM.- Go to the Dalia’s Diamonds jewelry store.- At the checkout at the cashier show your code and get the discount.,https://goo.gl/maps/AfGPuts2EM1Rp11r5,20000,Retail
113980,Off from Best Al-Yousifi,2,Voucher,Get 30 KD off on your next purchase from Best Al-Yousifi Electronics In-store only,"https://www.google.com/maps/search/best+al+yousifi/@29.3018141,48.0091464,12z/data=!3m1!4b1",30000,Electronics
113981,Off from AlFuhood App & website,2,Voucher,Get a 5 KD voucher for your next online order from AlFuhood App &amp; website. Valid&nbsp;on online orders only&nbsp;at AlFuhood. This offer&nbsp;does not include Digitial cards and gamming cards.- Copy the voucher code from TAM.</,https://maps.app.goo.gl/jgt5UNZ3Xg6uRUkHA ,5000,Electronics
113982,Off from AlFuhood App & website,2,Voucher,Get a 10 KD voucher for your next online order from AlFuhood App &amp; website. Valid&nbsp;on online orders only&nbsp;at AlFuhood. This offer&nbsp;does not include Digitial cards and gamming cards.- Copy the voucher code from TAM.<,https://maps.app.goo.gl/jgt5UNZ3Xg6uRUkHA ,10000,Electronics
113983,Off from AlFuhood App & website,2,Voucher,Get a 20 KD voucher for your next online order from AlFuhood App &amp; website. Valid&nbsp;on online orders only&nbsp;at AlFuhood. This offer&nbsp;does not include Digitial cards and gamming cards.- Copy the voucher code from TAM.<,https://maps.app.goo.gl/jgt5UNZ3Xg6uRUkHA ,20000,Electronics
113984,Off Burger Box or Mashawi orders from BBQ Burger store & website,2,Voucher,Get a 5 KD off for your next&nbsp;burger box&nbsp;or&nbsp;Mashawi&nbsp;order from BBQ Burger. Valid for&nbsp;store and&nbsp;online orders&nbsp;at BBQ Burger.- Copy the code from TAM.- Go to the BBQ Burger store or,https://maps.app.goo.gl/5eKXBAWmB8QrpdfM6?g_st=ic,5000,F&B
113986,Off from Procuts website,2,Voucher,Get a 5 KD voucher for your next online order from Procuts. Valid on online orders only at Procuts.- Copy the voucher code from TAM.- Go to the Procuts website:&nbsp;https://order.procutskw.com/en- Paste the code at the checkout af,,5000,F&B
113987,15% off from Czar Website,2,Discount,Get 15% off for your next online order from Czar.- Valid on online orders only at czar website.- Copy the voucher code from TAM.- Go to Czar website&nbsp;https://czar.com.kw- Paste the code at the checkout after adding your , https://maps.app.goo.gl/Rtx2iTFvpN1YD2RB7?g_st=ic,500,Retail
115007,Recharge your WIYAK wallet with,1,Wallet Recharge,Recharge your WIYAK wallet with 5KD,https://www.instagram.com/wiyakrides/?hl=en,5000,Travel
115008,"10% off on Rides, Rentals, and Butler Services from WIYAK!",2,Discount,"Enjoy 10% off on Rides, Rentals, and Butler Services from WIYAK App.- Go to WIYAK’s mobile app- Add your pick-up and drop-off locations- Select the preferred car category- Choose your payment metho",https://wiyak.com,100,Retail
115009,"Off from Safat Home showrooms, App and website",2,Voucher,"Get a 10 KD voucher for your next order from Safat Home showrooms, App and website.&nbsp;- Copy the voucher code from TAM.- Go to Safat Home showrooms,",,10000,Retail
115010,"Off from Safat Home showrooms, App and website",2,Voucher,"Get a 20 KD voucher for your next order from Safat Home showrooms, App and website.&nbsp;- Copy the voucher code from TAM.- Go to Safat Home showrooms,",https://www.safathome.com/showrooms/,20000,Retail
115011,"Off from Safat Home showrooms, App and website",2,Voucher,"Get a 50 KD voucher for your next order from Safat Home showrooms, App and website.&nbsp;- Copy the voucher code from TAM.- Go to Safat Home showrooms,",https://www.safathome.com/showrooms/,50000,Retail
115012,"Off from Safat Home showrooms, App and website",2,Voucher,"Get a 100 KD voucher for your next order from Safat Home showrooms, App and website.&nbsp;- Copy the voucher code from TAM.- Go to Safat Home showrooms",https://www.safathome.com/showrooms/,100000,Retail
115013,10$ Gift Card from Amazon!,2,Gift Card,Get a 10$ Gift Card from Amazon,,3500,Entertainment
115074,Get  discount from Dose Café,1,Discount,Get 5KD discount from Dose Café,https://maps.app.goo.gl/cqQjEED12VVHDkbR8 ,5000,F&B
115075,Get  discount on new subscription from Flare Fitness,1,Discount,Get 5KD discount on new subscription from Flare Fitness,"https://www.google.com/maps/search/flare+fitness/@29.3028267,47.7747777,11z/data=!3m1!4b1?entry=ttu",5000,Health & Beauty
115076,Get  discount from Gravity,1,Discount,Get 5KD discount from Gravity,"https://www.google.com.kw/maps/place/GRAVITY+GYM/@29.1686187,48.0984956,17z/data=!3m1!4b1!4m5!3m4!1s0x3fcf09f229d91901:0xdea8016704baf8e8!8m2!3d29.1686187!4d48.0984956?hl=en",10000,Health & Beauty
115094,30% off from Car Spa!,1,Discount,Enjoy 30% off from Car Spa.,https://maps.app.goo.gl/oaPZdGGPm9yWycgR9,100,Automotive
115095,30% off from Caldo Restaurant!,2,Voucher,Enjoy 30% off from Caldo Restaurant.,"https://www.google.com/maps/place/Caldo+%D9%83%D8%A7%D9%84%D8%AF%D9%88%E2%80%AD/@29.2680764,48.0228335,17z/data=!4m6!3m5!1s0x3fcf9ee929128107:0x8f7a66b07f580af9!8m2!3d29.2680764!4d48.0254084!16s%2Fg%2F11g8_068w8?entry=ttu",100,F&B
115096,off from Ciervo Café,1,Voucher,Enjoy 3 KD off from Ciervo Café.,https://goo.gl/maps/XpaDJKtsyrEzqKa28,3000,F&B
115097,Get  discount from Aerie,2,Discount,Get 5KD discount from Aerie,https://maps.app.goo.gl/pkhWJinxYZZeBqtT8,5000,Retail
115098,Get  discount from Al Azame Outdoor Gear,2,Discount,Get 5KD discount from Al Azame Outdoor Gear,https://linktr.ee/alazame,5000,Retail
115099,Get  wallet recharge at Oula Fuel App.,1,Wallet Recharge,Get 5KD wallet recharge at Oula Fuel App.,"https://www.google.com/maps/search/%D9%85%D8%AD%D8%B7%D8%A9+%D9%88%D9%82%D9%88%D8%AF+%D8%A3%D9%88%D9%84%D9%89%E2%80%AD/@29.3031365,47.8983937,13z/data=!3m1!4b1?entry=ttu",5000,Travel
115100,Get  discount from Alo Yoga,2,Discount,Get 5KD discount from Alo Yoga,https://maps.app.goo.gl/T1LAeSSYbs4S7sK97,5000,Retail
115101,Get  discount from Alpha Store,2,Discount,Get 5KD discount from Alpha Store,"https://www.google.com/maps/search/alpha+store/@29.3022888,47.8363443,12z?entry=ttu",5000,Electronics
115102,Get  discount from American Eagle,2,Discount,Get 5KD discount from American Eagle,"https://www.google.com/maps/search/American+Eagle/@29.3317149,47.8948208,12z/data=!3m1!4b1?entry=ttu",5000,Retail
115103,Get  discount from Bath and Body Works,2,Discount,Get 5KD discount from Bath and Body Works,"https://www.google.com/maps/search/body+bath/@29.3316137,47.8948203,12z/data=!3m1!4b1?entry=ttu",5000,Retail
115104,Get  discount from Bon Café,1,Discount,Get 5KD discount from Bon Café,"https://www.google.com/maps/search/bon+cafe+kuwait/@29.3747328,47.9790137,17z/data=!3m1!4b1",5000,F&B
115105,Get  discount from Boots,2,Discount,Get 5KD discount from Boots,"https://www.google.com/maps/search/boots/@29.3315631,47.8948199,12z/data=!3m1!4b1?entry=ttu",5000,Health & Beauty
115106,Get  discount from Café Aldhahiya,2,Discount,Get 5KD discount from Café Aldhahiya,https://maps.app.goo.gl/oNBcGTzLZ8bbPbzS7,5000,F&B
115107,Get  discount on your next order from Café Blanc,1,Discount,"
  Get 5KD discount on your next order from Café ",https://maps.app.goo.gl/11RQrwVKqmNsbEzC8,5000,F&B
115108,Get  discount on your next order from Carousel,2,Discount,"
  Get 5KD
  discount on your next order from Car","https://www.google.com/maps/place/Carousel/@29.3774071,47.9901622,15z/data=!4m6!3m5!1s0x3fcf9b35958e5759:0xed328717dc09bd67!8m2!3d29.3774071!4d47.9901622!16s%2Fg%2F11j8lvw6zd?entry=ttu",5000,F&B
115109,Get  discount on your next order from Casper,1,Discount,"
  Get 5KD discount on your next order from Caspe","https://www.google.com/maps/search/casper/@29.2816374,47.9367622,12z/data=!3m1!4b1?entry=ttu",5000,F&B
115110,Get  discount from Charlotte Tilbury,2,Discount,Get 5KD discount from Charlotte Tilbury,"https://www.google.com/maps/search/Charlotte+Tilbury/@29.304224,47.9361011,16z/data=!3m1!4b1?entry=ttu",5000,Retail
115111,Get  discount on your next order from Chocomelt,1,Discount,Get 5KD discount on your next order from Chocomelt,https://www.instagram.com/chocomelt.kw/?hl=en,5000,F&B
115112,Get  discount from Coast,1,Discount,Get 5KD discount from Coast,https://maps.app.goo.gl/MBT5Xm5ioUbeynw76,5000,Retail
115113,Get  discount from Debenhams,2,Discount,Get 5KD discount from Debenhams,"https://www.google.com/maps/search/debenhams+kuwait/@29.3316137,47.8948203,12z/data=!3m1!4b1?entry=ttu",5000,Retail
115114,Get  discount from Deer & Dear,2,Discount,Get 5KD discount from Deer and Dear,https://www.instagram.com/deeranddear/?hl=en,5000,F&B
115115,Get  discount from Dhahia Juice,1,Discount,Get 5KD discount from Al Dhahia Juice,"https://www.google.com/maps/search/%D8%B9%D8%B5%D9%8A%D8%B1+%D8%A7%D9%84%D8%B6%D8%A7%D8%AE%D9%8A%D8%A9%E2%80%AD/@29.3414347,47.9409107,17z?entry=ttu",5000,F&B
115116,Order from Farzi Café and get  discount,2,Discount,Order from Farzi Café and get 5KD discount,https://www.instagram.com/farzicafe.kw/?hl=en,5000,F&B
115117,Get  discount on new subscription from Fifty Gym,2,Discount,Get 5KD discount on new subscription from Fifty Gym,https://maps.app.goo.gl/tp3kWFN6FhWQo1kWA,5000,Health & Beauty
115118,Get  discount from Foot Locker,2,Discount,Get 5KD discount from Foot Locker,"https://www.google.com/maps/search/Footlocker/@29.3316137,47.8948203,12z?entry=ttu ",5000,Retail
115119,Get  discount from Gait,2,Discount,Get 5KD discount from Gait,https://www.gait.com.kw/g_kw_en,5000,Electronics
115120,Get  discount from G-Shock,1,Discount,Get 5KD discount from G-Shock,https://www.instagram.com/gshock_kwt/?hl=en,5000,Retail
115121,Get  discount from H&M,2,Discount,Get 5KD discount from H and M,"https://www.google.com/maps/search/h%26m/@29.3315125,47.8948196,12z/data=!3m1!4b1?entry=ttu",5000,Retail
115122,Get 5USD gift card from iTunes,2,Gift Card,Get 5USD gift card from iTunes,https://support.apple.com/en-lamr/HT201209,2000,Entertainment
115123,Get  discount from Jack Wills,2,Discount,Get 5KD discount from Jack Wills,"https://www.google.com/maps/search/Jack+Wills/@29.234223,47.8729378,11z/data=!3m1!4b1?entry=ttu",5000,Retail
115124,Get  discount from Jo Malone,2,Discount,Get 5KD discount from Jo Malone,"https://www.google.com/maps/search/jo+malone+kuwait/@29.2336168,47.8729337,11z/data=!3m1!4b1?entry=ttu",5000,Retail
115125,Get  discount on your next order from JOA,2,Discount,Get 5KD discount on your next order from JOA,"https://www.google.com/maps/search/joa/@29.3028266,47.7747772,11z/data=!3m1!4b1?entry=ttu",5000,F&B
115126,Get  discount from Kumori,2,Discount,Get 5KD discount from Kumori,https://maps.app.goo.gl/2bfKBSxFuZxqKfgM8,5000,F&B
115127,Get  discount from M.A.C,2,Discount,Get 5KD discount from M.A.C,"https://www.google.com/maps/search/M.A.C/@29.2334148,47.8729323,11z/data=!3m1!4b1?entry=ttu",5000,Health & Beauty
115128,Get  discount from Monki,2,Discount,Get 5KD discount from Monki,"https://www.google.com/maps/search/monki/@29.3035794,47.9340475,16z/data=!3m1!4b1?entry=ttu",5000,Retail
115129,Get  discount from MUJI,2,Discount,Get 5KD discount from MUJI,"https://www.google.com/maps/search/muji/@29.302518,47.8981486,14z?entry=ttu",5000,Retail
115130,discount,2,Discount,Get 5KD discount from MUJI,"https://www.google.com/maps/search/muji/@29.302518,47.8981486,14z?entry=ttu",5000,Retail
115132,Get  voucher from River Island,1,Voucher,Get 5KD voucher&nbsp;from River Island,"https://www.google.com/maps/search/River+Island/@29.3024405,47.8363453,12z?entry=ttu",5000,Retail
115133,Get  voucher from The Body Shop,1,Voucher,Get 5KD voucher&nbsp;from The Body Shop,"https://www.google.com/maps/search/The+Body+Shop/@29.30239,47.836345,12z?entry=ttu",5000,Retail
115134,Get  voucher from Victoria's Secret PINK,1,Voucher,Get 5KD voucher&nbsp;from Victoria's Secret PINK,https://maps.app.goo.gl/uSv5f39NTmiv4j1z8,5000,Retail
115135,Get  voucher from Vision Express,1,Voucher,Get 5KD voucher&nbsp;from Vision Express,https://maps.app.goo.gl/a4LimLhf3wjU4Vni6,5000,Retail
115136,Get  voucher from New Balance,1,Voucher,Get 5KD voucher&nbsp;from New Balance,"https://www.google.com/maps/search/New+Balance/@29.3024911,47.8363457,12z/data=!3m1!4b1?entry=ttu",5000,Retail
115154,Get  Discount on Pick at V-Thru,1,Discount,"Get a 3 KD promo code for your next order on Pick,at V-thru",https://www.instagram.com/vthru/,3000,F&B
115163,from Cinescape,2,Voucher,Get a 2 KD on food and beverage orders from Cinescape for your next visit,"https://www.google.com/maps/search/cinescape/@29.3765063,47.9548421,13z/data=!3m1!4b1",2000,F&B
115177,Enjoy the experience at BBT Red Town,2,Voucher,Redeem your reward points to book your BBT tickets for less and enjoy the experience!,https://eur03.safelinks.protection.outlook.com/?url=https%3A%2F%2Fmaps.app.goo.gl%2FdTxegGwvQs863tJo8&data=05%7C02%7Csulaiman.alahmad%40kfh.com%7C8ac08c49a34d490bf34308dbfbc89115%7C0d8600938f204eb7882a0c70de019872%7C0%7C0%7C638380611062581866%7CUnknown%7C,8500,F&B
115191,Create your memory with TAM & BBT souvenir!,1,Voucher,Redeem your point and get your TAM and BBT souvenir designed only for you.,https://eur03.safelinks.protection.outlook.com/?url=https%3A%2F%2Fmaps.app.goo.gl%2FdTxegGwvQs863tJo8&data=05%7C02%7Csulaiman.alahmad%40kfh.com%7C8ac08c49a34d490bf34308dbfbc89115%7C0d8600938f204eb7882a0c70de019872%7C0%7C0%7C638380611062581866%7CUnknown%7C,1,F&B
115207,$10 iTunes Gift Card,1,Gift Card,"Get a $10 iTunes Gift Card to be used for your next iTunes purchases from ""US store only""",,3500,Entertainment
115209,from Ooredoo,1,Gift Card,Get a 5 KD Ooredoo Gift Card to be used for your next purchases.,,5000,On-demand
115211,from Zain,1,Gift Card,Get a 5 KD Zain Gift Card to be used for your next purchases.,,5000,On-demand
115213,from STC,1,Gift Card,Get a 5 KD STC Gift Card to be used for your next purchases.,,5000,On-demand
115215,$10 Google Play Gift Card,1,Gift Card,"Get a $10 Google Play Gift Card to be used for your next purchases from ""US store only""",,3500,Entertainment
115217,Steam Kuwait Gift Card,1,Gift Card,Get a 5KD Steam Kuwait Gift Card to be used for your next purchases.,,6000,Entertainment
115218,$10 PlayStation USA Gift Card,2,Gift Card,"Get a $10 PlayStation USA Gift Card to be used for your next purchases from ""US store only""",,3500,Entertainment
115221,XBOX $25 USA Gift Card,1,Gift Card,"Get a $25 Xbox USA Gift Card to be used for your next Xbox purchases from ""US store only.""",,8000,Entertainment
115223,Xbox Live 3 months free subscription,1,Subscription,"Get a 3-month free subscription for Xbox Live USA to be used for ""US store only.""",,8000,Entertainment
115225,Nintendo $10 USA Gift Card,1,Gift Card,"Get a $10 Nintendo USA Gift Card to be used for your next Nintendo purchases from ""US store only.""",,3500,Entertainment
115227,Roblox $10 USA Gift Card,1,Gift Card,"Get a $10 Roblox USA Gift Card to be used for your next Roblox purchases from ""US store only.""",,3500,Entertainment
115229,Amazon $10 USA Gift Card,1,Gift Card,"Get a $10 Amazon&nbsp;USA Gift Card to be used for your next Amazon&nbsp;purchases from ""US store only.""",,3500,Entertainment
115231,PlayStation Kuwait $10 Gift Card,1,Gift Card,"Get a $10 PlayStation Kuwait&nbsp;Gift Card to be used for your next PlayStation purchases from ""Kuwait store only.""",,3500,Entertainment
115244,Recharge your Deliveroo wallet with,2,Wallet Recharge,Recharge your Deliveroo wallet with 10KD,https://www.instagram.com/deliveroo_kw/,1000,F&B
115259,voucher from Blue outdoors,1,Voucher,Get a 2 KD voucher for your next online order from Blue outdoors App and enter the draw on Kayaks.,https://qrco.de/Blueoutdoors,1500,Retail
